head,w,roc_auc,f1
dinov2_b,0.2,0.8352,0.6531
dinov3_l,0.2,0.835,0.6755
dinov2_b,0.0,0.8345,0.6667
dinov3_l,0.3,0.8327,0.6479
dinov2_b,0.3,0.8285,0.6328
dinov3_l,0.4,0.8281,0.6443
mii,0.2,0.8245,0.6579
dinov3_l,0.5,0.8239,0.6364
rad_dino,0.2,0.819,0.6429
dinov3_l,0.6,0.8189,0.6351
dinov2_b,0.4,0.8179,0.6257
mii,0.3,0.8138,0.6623
rad_dino,0.3,0.8057,0.6351
dinov2_b,0.5,0.8031,0.612
mii,0.4,0.8012,0.6543
rad_dino,0.4,0.7899,0.6234
dinov2_b,0.6,0.7882,0.6012
mii,0.5,0.7846,0.6335
rad_dino,0.5,0.7724,0.6023
mii,0.6,0.7702,0.6173
rad_dino,0.6,0.7548,0.5952
