task,geom,enc,auc,ap
ukl,True,—,0.58,0.137
ukl,True,dinov2_b,0.776,0.497
ukl,True,dinov3_l,0.819,0.613
ukl,True,mii,0.823,0.559
ukl,True,rad_dino,0.685,0.358
ukl,True,dinov2_b+dinov3_l,0.806,0.584
ukl,True,dinov2_b+mii,0.812,0.617
ukl,True,dinov2_b+rad_dino,0.748,0.488
ukl,True,dinov3_l+mii,0.844,0.686
ukl,True,dinov3_l+rad_dino,0.79,0.564
ukl,True,mii+rad_dino,0.768,0.498
ukl,False,dinov2_b,0.771,0.512
ukl,False,dinov3_l,0.831,0.662
ukl,False,mii,0.822,0.584
ukl,False,rad_dino,0.642,0.369
ukl,False,dinov2_b+dinov3_l,0.808,0.612
ukl,False,dinov2_b+mii,0.806,0.633
ukl,False,dinov2_b+rad_dino,0.728,0.494
ukl,False,dinov3_l+mii,0.843,0.71
ukl,False,dinov3_l+rad_dino,0.789,0.603
ukl,False,mii+rad_dino,0.746,0.499
axis,True,—,0.769,0.307
axis,True,dinov2_b,0.801,0.399
axis,True,dinov3_l,0.769,0.322
axis,True,mii,0.558,0.141
axis,True,rad_dino,0.522,0.13
axis,True,dinov2_b+dinov3_l,0.778,0.343
axis,True,dinov2_b+mii,0.658,0.246
axis,True,dinov2_b+rad_dino,0.648,0.248
axis,True,dinov3_l+mii,0.646,0.195
axis,True,dinov3_l+rad_dino,0.616,0.18
axis,True,mii+rad_dino,0.434,0.098
axis,False,dinov2_b,0.735,0.327
axis,False,dinov3_l,0.688,0.201
axis,False,mii,0.342,0.086
axis,False,rad_dino,0.348,0.092
axis,False,dinov2_b+dinov3_l,0.731,0.273
axis,False,dinov2_b+mii,0.573,0.166
axis,False,dinov2_b+rad_dino,0.553,0.148
axis,False,dinov3_l+mii,0.553,0.124
axis,False,dinov3_l+rad_dino,0.504,0.133
axis,False,mii+rad_dino,0.3,0.078
art,True,—,0.806,0.57
art,True,dinov2_b,0.767,0.567
art,True,dinov3_l,0.874,0.646
art,True,mii,0.885,0.677
art,True,rad_dino,0.81,0.622
art,True,dinov2_b+dinov3_l,0.833,0.609
art,True,dinov2_b+mii,0.85,0.671
art,True,dinov2_b+rad_dino,0.788,0.617
art,True,dinov3_l+mii,0.902,0.719
art,True,dinov3_l+rad_dino,0.853,0.655
art,True,mii+rad_dino,0.856,0.66
art,False,dinov2_b,0.687,0.448
art,False,dinov3_l,0.844,0.587
art,False,mii,0.868,0.694
art,False,rad_dino,0.766,0.583
art,False,dinov2_b+dinov3_l,0.803,0.557
art,False,dinov2_b+mii,0.837,0.705
art,False,dinov2_b+rad_dino,0.756,0.605
art,False,dinov3_l+mii,0.896,0.733
art,False,dinov3_l+rad_dino,0.843,0.651
art,False,mii+rad_dino,0.848,0.672
rot,True,—,0.585,0.319
rot,True,dinov2_b,0.672,0.397
rot,True,dinov3_l,0.785,0.57
rot,True,mii,0.649,0.381
rot,True,rad_dino,0.692,0.426
rot,True,dinov2_b+dinov3_l,0.771,0.508
rot,True,dinov2_b+mii,0.689,0.397
rot,True,dinov2_b+rad_dino,0.721,0.432
rot,True,dinov3_l+mii,0.76,0.492
rot,True,dinov3_l+rad_dino,0.776,0.539
rot,True,mii+rad_dino,0.701,0.425
rot,False,dinov2_b,0.674,0.388
rot,False,dinov3_l,0.799,0.582
rot,False,mii,0.659,0.377
rot,False,rad_dino,0.693,0.42
rot,False,dinov2_b+dinov3_l,0.777,0.51
rot,False,dinov2_b+mii,0.694,0.396
rot,False,dinov2_b+rad_dino,0.723,0.433
rot,False,dinov3_l+mii,0.769,0.498
rot,False,dinov3_l+rad_dino,0.782,0.544
rot,False,mii+rad_dino,0.707,0.424
roi,True,—,0.901,0.683
roi,True,dinov2_b,0.882,0.619
roi,True,dinov3_l,0.864,0.633
roi,True,mii,0.887,0.647
roi,True,rad_dino,0.9,0.755
roi,True,dinov2_b+dinov3_l,0.861,0.599
roi,True,dinov2_b+mii,0.876,0.577
roi,True,dinov2_b+rad_dino,0.886,0.688
roi,True,dinov3_l+mii,0.861,0.582
roi,True,dinov3_l+rad_dino,0.872,0.704
roi,True,mii+rad_dino,0.889,0.741
roi,False,dinov2_b,0.821,0.38
roi,False,dinov3_l,0.777,0.444
roi,False,mii,0.777,0.362
roi,False,rad_dino,0.877,0.725
roi,False,dinov2_b+dinov3_l,0.806,0.434
roi,False,dinov2_b+mii,0.813,0.395
roi,False,dinov2_b+rad_dino,0.863,0.63
roi,False,dinov3_l+mii,0.793,0.456
roi,False,dinov3_l+rad_dino,0.842,0.623
roi,False,mii+rad_dino,0.859,0.603
